,Dim.1,Dim.2,Dim.3,Dim.4,Dim.5,Time,Time_2,Locomotion,Group_1,Group_2,Name,Num
Albertonectes vanderveldei,0.487369545,4.551620367,-0.954573824,0.990457321,-2.25090853,Cretaceous,1,Sauropterygia,Reptile,Amniotes,Al.va,1
Archaeonectrus rostratus,0.173975899,2.065125741,-1.384622686,0.406597541,0.480073706,Jurassic,1,Sauropterygia,Reptile,Amniotes,Ar.ro,2
Atopodentatus unicus,-0.08701217,-0.929065849,-0.415135268,-0.183123197,-1.656518243,Triassic,1,Sauropterygia,Reptile,Amniotes,At.un,3
Attenborosaurus conybeari,-0.145142964,2.352574659,-0.686913995,-0.603465726,-0.632753993,Jurassic,1,Sauropterygia,Reptile,Amniotes,Att.co,4
Atychodracon megacephalus,0.077911477,3.01395346,-1.119747298,0.72120075,0.981001549,Jurassic,1,Sauropterygia,Reptile,Amniotes,Aty.me,5
Ceresiosaurus calcagnii,-0.252473195,-0.650296605,-0.485496271,-0.588133167,-0.913175171,Triassic,1,Sauropterygia,Reptile,Amniotes,Ce.ca,6
Cryptoclidus eurymerus,0.216816373,3.654214655,-0.15620962,-0.241264183,-0.11665973,Jurassic,1,Sauropterygia,Reptile,Amniotes,Cr.eu,7
Diandongosaurus acutidentatus,-1.410538953,-0.905846465,-1.193675711,-0.307657357,-0.834736779,Triassic,1,Sauropterygia,Reptile,Amniotes,Di.ac,8
Dianmeisaurus gracilis,-1.017951584,-1.288550477,-1.378626858,-0.539753871,-0.949530478,Triassic,1,Sauropterygia,Reptile,Amniotes,Di.gr,9
Dolichorhynchops osborni,0.438121006,2.490297944,-0.848483867,-1.235417323,0.323945504,Cretaceous,1,Sauropterygia,Reptile,Amniotes,Do.os,10
Hauffiosaurus zanoni,-0.600946915,2.531820193,-0.909567021,-1.041476229,-0.052405759,Jurassic,1,Sauropterygia,Reptile,Amniotes,Ha.za,11
Hydrotherosaurus alexandrae,-0.282595175,7.310731963,0.024687884,0.690207567,-0.529204295,Cretaceous,1,Sauropterygia,Reptile,Amniotes,Hy.al,12
Keichousaurus hui,-1.111302266,-0.728635536,-1.040518188,-1.769417858,-0.744082682,Triassic,1,Sauropterygia,Reptile,Amniotes,Ke.hu,13
Kronosaurus boyacensis,1.50959337,3.212545177,-2.631153911,1.389376526,1.094212202,Cretaceous,1,Sauropterygia,Reptile,Amniotes,Kr.bo,14
Lariosaurus balsami,-0.863723072,-1.211146652,-1.279650207,-0.285001217,-1.041482816,Triassic,1,Sauropterygia,Reptile,Amniotes,La.ba,15
Lariosaurus valceresii,-0.539626609,-1.215352523,-1.227170645,-0.651706996,-1.365420592,Triassic,1,Sauropterygia,Reptile,Amniotes,La.va,16
Lariosaurus xingyiensis,-0.131237164,-1.386458736,-1.251816203,0.093925297,-1.459723247,Triassic,1,Sauropterygia,Reptile,Amniotes,La.xi,17
Libonectes atlasense,0.657848903,5.654776664,0.328817678,0.49437605,-0.490452689,Cretaceous,1,Sauropterygia,Reptile,Amniotes,Li.at,18
Liopleurodon ferox,1.134042702,2.626558737,-1.787470372,1.231222914,0.4073959,Jurassic,1,Sauropterygia,Reptile,Amniotes,Li.fe,19
Meyerasaurus victor,-1.20837691,4.093326454,0.242193628,-1.146241616,0.710744402,Jurassic,1,Sauropterygia,Reptile,Amniotes,Me.vi,20
Microcleidus brachypterygius,-1.50147746,4.409503026,-0.122937265,-0.597752322,-0.01603792,Jurassic,1,Sauropterygia,Reptile,Amniotes,Mi.br,21
Morenosaurus stocki,1.612996388,3.649303525,-0.146579358,1.151426605,-1.252302142,Cretaceous,1,Sauropterygia,Reptile,Amniotes,Mo.st,22
Muraenosaurus leedsii ,1.086322754,2.523949831,-0.71858527,0.901692672,-1.226843702,Jurassic,1,Sauropterygia,Reptile,Amniotes,Mu.le,23
Neusticosaurus edwardsii,-0.031833183,-0.804175761,-0.022829082,0.15105491,-0.958250897,Triassic,1,Sauropterygia,Reptile,Amniotes,Ne.ed,24
Neusticosaurus peyeri,-0.746086867,-0.950019182,-1.227735966,-0.158252856,-0.325944116,Triassic,1,Sauropterygia,Reptile,Amniotes,Ne.pe,25
Neusticosaurus pusillus,-0.791424885,-0.602883202,-1.177317905,0.083659506,-0.658673714,Triassic,1,Sauropterygia,Reptile,Amniotes,Ne.pu,26
Nichollssaura borealis,0.350290684,2.55724041,-0.955982599,-0.297673892,-0.212794225,Cretaceous,1,Sauropterygia,Reptile,Amniotes,Ni.bo,27
Nothosaurus giganteus,-0.129988479,-1.050382467,-1.264917918,-0.6035801,-0.498805899,Triassic,1,Sauropterygia,Reptile,Amniotes,No.gi,28
Nothosaurus youngi,-0.621912103,-1.312115059,-0.985630457,-0.674209415,-0.754773616,Triassic,1,Sauropterygia,Reptile,Amniotes,No.yo,29
Paraplacodus broilii,-0.864535496,-1.126728041,-0.410928697,-0.782611376,0.533870233,Triassic,1,Sauropterygia,Reptile,Amniotes,Pa.br,30
Peloneustes philarchus,0.661115753,2.115720322,-1.503405336,0.360851162,0.2880781,Jurassic,1,Sauropterygia,Reptile,Amniotes,Pe.ph,31
Placodus inexpectatus,-0.493691783,-1.518701886,-0.383979058,-0.14288354,-0.648673095,Triassic,1,Sauropterygia,Reptile,Amniotes,Pla.in,32
Plesiopterys wildi,-0.490388676,2.704590668,-0.339742568,-0.293655464,-0.770753302,Jurassic,1,Sauropterygia,Reptile,Amniotes,Pl.wi,33
Plesiosaurus sp,0.192692265,2.293260139,-0.114640572,0.592506323,-1.153691249,Jurassic,1,Sauropterygia,Reptile,Amniotes,Ple.sp,34
Polycotylus latipinnis,0.328596193,4.14120632,-0.870999684,-0.676720733,0.357524168,Cretaceous,1,Sauropterygia,Reptile,Amniotes,Po.la,35
Psephochelys polyosteoderma,-0.857362944,-1.323464237,-0.120123491,-0.560887279,0.053913332,Triassic,1,Sauropterygia,Reptile,Amniotes,Ps.po,36
Psephoderma alpinum,0.257820835,-1.223302575,-0.581281971,-0.482069899,0.222869782,Triassic,1,Sauropterygia,Reptile,Amniotes,Pse.al,37
Rhomaleosaurus cramptoni,0.541877265,2.86383115,-0.84260174,0.696877274,0.062400925,Jurassic,1,Sauropterygia,Reptile,Amniotes,Rh.cr,38
Seeleyosaurus guilelmiimperatoris,-0.856614207,2.308125836,0.013256964,-0.644833622,-0.819512685,Jurassic,1,Sauropterygia,Reptile,Amniotes,Se.gu,39
Serpianosaurus mirigiolensis,-0.551142869,-1.230454492,-1.343231455,0.007778881,-0.070304751,Triassic,1,Sauropterygia,Reptile,Amniotes,Se.mi,40
Sinocyamodus xinpuensis,-0.950100549,-1.624171904,-0.121488468,-0.693195769,-0.57168366,Triassic,1,Sauropterygia,Reptile,Amniotes,Si.xi,41
Stenorhynchosaurus munozi,-0.706982118,4.578039518,-2.009289286,-0.410331187,1.498156026,Cretaceous,1,Sauropterygia,Reptile,Amniotes,St.mu,42
Styxosaurus sp,0.741785088,5.521675251,-0.178291107,1.924158833,-1.517594483,Cretaceous,1,Sauropterygia,Reptile,Amniotes,St.sp,43
Thalassiodracon hawkinsii,-1.097290749,3.737485081,-0.668484413,-0.30685718,0.456099239,Jurassic,1,Sauropterygia,Reptile,Amniotes,Tha.ha,44
Thalassomedon haningtoni,2.007784588,3.562808268,-0.544516079,2.00161196,-2.412634411,Cretaceous,1,Sauropterygia,Reptile,Amniotes,Th.ha,45
Wangosaurus brevirostris,-1.055743117,-0.345825879,-1.316195138,-0.783776383,-0.775089901,Triassic,1,Sauropterygia,Reptile,Amniotes,Wa.br,46
Wumengosaurus delicatomandibularis,0.518635093,-0.973992633,-0.547826213,0.73836807,-0.656344589,Triassic,1,Sauropterygia,Reptile,Amniotes,Wu.de,47
Yunguisaurus liae,-1.216745286,0.946454654,-0.419110557,0.324223522,-0.562377695,Triassic,1,Sauropterygia,Reptile,Amniotes,Yu.li,48
Barracudasauroides panxianensis,3.025865777,-1.493907579,1.179658548,-0.358508185,0.327799961,Triassic,1,Ichthyosauromorpha,Reptile,Amniotes,Ba.pa,49
Besanosaurus leptorhynchus,3.077750932,0.438101196,0.950903061,2.293456741,0.385647483,Triassic,1,Ichthyosauromorpha,Reptile,Amniotes,Be.le,50
Cartorhynchus lenticarpus,2.59072761,-1.540077358,0.842772009,-0.555017107,1.413534482,Triassic,1,Ichthyosauromorpha,Reptile,Amniotes,Ca.le,51
Caypullysaurus bonapartei,4.80236351,-0.119783235,-0.35512596,-0.985006553,-0.700802876,Cretaceous,1,Ichthyosauromorpha,Reptile,Amniotes,Ca.bo,52
Chaohusaurus brevifemoralis,1.900077862,-2.182140101,2.181536822,0.871344024,0.117006328,Triassic,1,Ichthyosauromorpha,Reptile,Amniotes,Ch.br,53
Chaohusaurus chaoxianensis,1.826593214,-1.801132205,1.496582426,0.691418822,0.95115889,Triassic,1,Ichthyosauromorpha,Reptile,Amniotes,Ch.ch,54
Cryopterygius kristiansenae,4.994503027,-0.809867901,-0.366519145,-1.185187262,-0.31212156,Jurassic,1,Ichthyosauromorpha,Reptile,Amniotes,Cr.kr,55
Eretmophis carroldongi,1.609861397,-2.125330687,1.736657304,-0.518537757,-0.567334651,Triassic,1,Ichthyosauromorpha,Reptile,Amniotes,Er.ca,56
Eurhinosaurus longirostris,3.085820338,1.239338431,0.348511302,1.474485597,0.729071602,Jurassic,1,Ichthyosauromorpha,Reptile,Amniotes,Eu.lo,57
Excalibosaurus costini,4.549501731,0.166197456,0.157811516,-1.064799463,1.265035951,Jurassic,1,Ichthyosauromorpha,Reptile,Amniotes,Ex.co,58
Guanlingsaurus lingae,3.897342264,1.127693056,1.476933246,2.266794756,-0.135125878,Triassic,1,Ichthyosauromorpha,Reptile,Amniotes,Gu.li,59
Guizhouichthyosaurus tangae,2.669078053,1.869187199,0.472900791,2.504652348,1.04708616,Triassic,1,Ichthyosauromorpha,Reptile,Amniotes,Gu.ta,60
Hauffiopteryx typicus,4.342282561,-0.990084643,0.356411197,-1.684767269,0.375654994,Jurassic,1,Ichthyosauromorpha,Reptile,Amniotes,Ha.ty,61
Hupehsuchus nanchangensis,2.017252013,-2.663729856,1.130778573,-0.127916539,0.418560334,Triassic,1,Ichthyosauromorpha,Reptile,Amniotes,Hu.na,62
Ichthyosaurus communis   ,3.326150166,-0.592546071,-0.80177462,-1.634155478,0.915040222,Jurassic,1,Ichthyosauromorpha,Reptile,Amniotes,Ich.co,63
Ichthyosaurus larkini,2.853501506,-0.501261014,-0.566514179,-0.973402766,-0.152816088,Jurassic,1,Ichthyosauromorpha,Reptile,Amniotes,Ich.la,64
Ichthyosaurus somersetensis,4.104177428,-0.502263567,-0.099531122,-2.08742529,-0.085670784,Jurassic,1,Ichthyosauromorpha,Reptile,Amniotes,Ich.so,65
Leptonectes tenuirostris,3.177464957,0.785480294,0.056727819,-1.921484344,1.520893383,Jurassic,1,Ichthyosauromorpha,Reptile,Amniotes,Le.te,66
Mixosaurus cornalianus,3.626702612,-1.453403195,1.747418596,-1.023335306,0.847303233,Triassic,1,Ichthyosauromorpha,Reptile,Amniotes,Mi.co,67
Mixosaurus xindianensis,3.490083189,-1.514930318,1.679321312,-1.008211709,0.228402738,Triassic,1,Ichthyosauromorpha,Reptile,Amniotes,Mi.xi,68
Ophthalmosaurus icenicus,6.34391929,-1.089472924,1.077158308,-2.772396083,-0.220347372,Jurassic,1,Ichthyosauromorpha,Reptile,Amniotes,Oph.ic,69
Phalarodon atavus,3.199620271,-1.98961002,1.601471876,-0.153776613,0.515682147,Triassic,1,Ichthyosauromorpha,Reptile,Amniotes,Ph.at,70
Platypterygius hercynicus,6.392091589,-0.67733443,0.18604772,-3.616510484,-0.163395378,Cretaceous,1,Ichthyosauromorpha,Reptile,Amniotes,Pl.he,71
Qianichthyosaurus zhoui,1.515562831,0.957322532,0.051131058,0.875452039,0.962965405,Triassic,1,Ichthyosauromorpha,Reptile,Amniotes,Qi.zh,72
Shonisaurus popularis,3.897241819,2.543241638,-0.015174037,3.232596616,1.629262753,Triassic,1,Ichthyosauromorpha,Reptile,Amniotes,Sh.po,73
Stenopterygius quadriscissus,3.712669569,-0.550331922,-0.374480468,-1.542381849,0.010187409,Jurassic,1,Ichthyosauromorpha,Reptile,Amniotes,St.qu,74
Stenopterygius triscissus,3.183590544,0.74205069,-0.199703342,1.564942216,0.897996502,Jurassic,1,Ichthyosauromorpha,Reptile,Amniotes,St.tr,75
Stenopterygius uniter,3.558412299,0.972593363,-0.044170343,-0.66186626,0.765810186,Jurassic,1,Ichthyosauromorpha,Reptile,Amniotes,St.un,76
Suevoleviathan integer,2.961491328,0.343943973,-0.371924311,-1.011863225,1.956205035,Jurassic,1,Ichthyosauromorpha,Reptile,Amniotes,Su.in,77
Temnodontosaurus trigonodon,3.560207568,1.30913099,-0.775920282,1.462582859,1.224687773,Jurassic,1,Ichthyosauromorpha,Reptile,Amniotes,Te.tr,78
Utatsusaurus hataii,1.504287539,-2.28402757,0.560139895,1.10406817,-0.080207624,Triassic,1,Ichthyosauromorpha,Reptile,Amniotes,Ut.ha,79
Xinminosaurus catactes,1.843301046,-1.223293741,0.673461748,1.494906605,-0.57616462,Triassic,1,Ichthyosauromorpha,Reptile,Amniotes,Xi.ca,80
Aigialosaurus bucchichi,-0.189609621,-1.736822882,-1.109145274,0.494929328,-0.053563707,Cretaceous,1,Mosasauroidea,Reptile,Amniotes,Ai.bu,81
Clidastes prophyton,2.634504213,-2.191050121,0.688698584,0.406581452,-0.605758581,Cretaceous,1,Mosasauroidea,Reptile,Amniotes,Cl.pr,82
Halisaurus sternbergii,1.389148804,-1.04064593,-0.175129277,0.916063776,-0.275223536,Cretaceous,1,Mosasauroidea,Reptile,Amniotes,Ha.st,83
Mosasaurus lemonnieri,3.144251611,-0.784124471,0.827090561,1.680800437,-0.429168316,Cretaceous,1,Mosasauroidea,Reptile,Amniotes,Mo.le,84
Platecarpus tympaniticus,2.380192774,-0.87860322,0.677793906,0.930321363,-0.127353271,Cretaceous,1,Mosasauroidea,Reptile,Amniotes,Pla.ty,85
Plotosaurus bennisoni,2.737344656,0.207223926,0.360405419,2.263251639,0.608556948,Cretaceous,1,Mosasauroidea,Reptile,Amniotes,Plo.be,86
Tylosaurus proriger ,2.328497438,-0.056549163,0.116630436,1.626775241,0.302450377,Cretaceous,1,Mosasauroidea,Reptile,Amniotes,Ty.pr ,87
Archelon ischyros,-0.718627696,2.579327479,2.106743024,-2.429238982,0.05272101,Cretaceous,1,Pantestudines,Reptile,Amniotes,Ar.is,88
Eorhynchochelys sinensis,-0.688394095,-0.593920017,-0.628686712,0.066898085,0.201326297,Triassic,1,Pantestudines,Reptile,Amniotes,Eo.si,89
Eurysternum wagleri,-1.051783387,-1.072014796,0.109607293,-0.607991187,-1.184751495,Jurassic,1,Pantestudines,Reptile,Amniotes,Eu.wa,90
Hoyasemys jimenezi,-1.672717223,0.623022945,0.442152396,-0.348238478,0.108146681,Cretaceous,1,Pantestudines,Reptile,Amniotes,Ho.ji,91
Idiochelys fitzingeri,-1.376798956,0.12710036,0.555710401,-0.648989006,-0.490687122,Jurassic,1,Pantestudines,Reptile,Amniotes,Id.fi,92
Jeholochelys lingyuanensis,-1.819801403,0.520838201,-0.018902407,-0.932298154,-0.064499789,Cretaceous,1,Pantestudines,Reptile,Amniotes,Je.li,93
Odontochelys semitestacea,-0.898329863,-0.73352383,-0.051368025,-0.883991543,-0.11121842,Triassic,1,Pantestudines,Reptile,Amniotes,Od.se,94
Ordosemys liaoxiensis,-1.385896197,0.253381372,0.358358739,-0.679171885,-0.386933724,Cretaceous,1,Pantestudines,Reptile,Amniotes,Or.li,95
Platychelys oberndorferi,-0.797956293,-0.925186065,1.19845386,-0.235740774,-0.729568324,Jurassic,1,Pantestudines,Reptile,Amniotes,Pla.ob,96
Proganochelys quenstedti,-1.234582547,-1.105762717,0.373893328,-0.873096747,-1.055200338,Triassic,1,Pantestudines,Reptile,Amniotes,Pr.qu,97
Protostega gigas,-1.987186029,2.587311428,1.95989419,-3.108504347,1.014855714,Cretaceous,1,Pantestudines,Reptile,Amniotes,Pr.gi,98
Rhinochelys nammourensis,-0.380691393,0.141479472,0.875299232,-0.979764003,-0.175967771,Cretaceous,1,Pantestudines,Reptile,Amniotes,Rhi.na,99
Toxochelys latiremis,-1.42528917,0.442162177,0.869197665,-1.528068131,-0.927666092,Cretaceous,1,Pantestudines,Reptile,Amniotes,Tox.la,100
Xinjiangchelys wusu,-1.200133583,-0.973198255,-0.504644199,-0.398209364,-1.251332298,Jurassic,1,Pantestudines,Reptile,Amniotes,Xi.wu,101
Cricosaurus bambergensis,-0.209676097,-2.118638584,-3.557800619,0.654349717,1.154172476,Jurassic,1,Thalattosuchia,Reptile,Amniotes,Cr.ba,102
Cricosaurus suevicus,0.371413874,-1.728947258,-3.444618208,0.733157233,1.123586687,Jurassic,1,Thalattosuchia,Reptile,Amniotes,Cr.su,103
Dakosaurus maximus,0.130944251,-2.051995908,-2.828850494,0.807317177,-0.412047989,Jurassic,1,Thalattosuchia,Reptile,Amniotes,Da.ma,104
Metriorhynchus superciliosus,-0.381650153,-1.752920717,-3.666450038,-0.146614459,0.582428437,Jurassic,1,Thalattosuchia,Reptile,Amniotes,Me.su,105
Pelagosaurus typus,-1.111206035,-1.402967399,-3.185824407,0.471721294,2.090676905,Jurassic,1,Thalattosuchia,Reptile,Amniotes,Pe.ty,106
Platysuchus multicrobiculatus,-1.03568679,-1.401435151,-2.544085095,-0.224007783,1.780543831,Jurassic,1,Thalattosuchia,Reptile,Amniotes,Pl.mu,107
Steneosaurus bollensis,-0.774515009,-1.12923346,-2.667948811,0.411125941,2.095825136,Jurassic,1,Thalattosuchia,Reptile,Amniotes,St.bo,108
Anshunsaurus huangguoshuensis,0.148422804,-1.494615655,-1.000296336,-0.300580891,0.160532981,Triassic,1,Thalattosauria,Reptile,Amniotes,An.hu,109
Askeptosaurus italicus,-0.809384349,-1.363662551,-2.960465555,-0.644241898,1.165307745,Triassic,1,Thalattosauria,Reptile,Amniotes,As.it,110
Clarazia schinzi,-0.173129297,-0.967706053,-1.78520726,0.554535254,0.156271769,Triassic,1,Thalattosauria,Reptile,Amniotes,Cl.sc,111
Endennasaurus acutirostris,-1.195157663,-0.901037398,-2.123304207,-0.197161216,0.987952476,Triassic,1,Thalattosauria,Reptile,Amniotes,En.ac,112
Miodentosaurus brevis,0.181898391,-1.243603096,-1.21858305,-0.060209663,-1.335371389,Triassic,1,Thalattosauria,Reptile,Amniotes,Mio.br,113
Helveticosurus zollingeri,0.050421785,-0.606453518,0.766210113,0.241438543,-1.378386898,Triassic,1,Saurosphargidae,Reptile,Amniotes,He.zo,114
Largocephalosaurus polycarpon,-0.161619828,-1.440538043,0.010695902,-0.797092346,-0.817793663,Triassic,1,Saurosphargidae,Reptile,Amniotes,La.po,115
Dinocephalosaurus orientalis,-0.664538354,0.373456916,-1.212628585,0.677317068,-1.62289601,Triassic,1,Tanystropheidae,Reptile,Amniotes,Di.or,116
Tanystropheus longobardicus,-2.686385994,1.235232334,-2.086489907,0.775766676,-1.470015232,Triassic,1,Tanystropheidae,Reptile,Amniotes,Ta.lo,117
Tanytrachelos ahynis,-2.794463574,-0.121662019,-1.133623385,-0.620077351,-0.55545183,Triassic,1,Tanystropheidae,Reptile,Amniotes,Ta.ah,118
Kallimodon cerinensis ,-1.886907808,-0.946266883,-0.56682733,0.399828273,0.654558569,Jurassic,1,Rhynchocephalia,Reptile,Amniotes,Ka.ce,119
Kallimodon pulchellus,-2.025996292,-0.817160131,-0.798956592,0.399091752,0.734934188,Jurassic,1,Rhynchocephalia,Reptile,Amniotes,Ka.pu,120
Palaeopleurosaurus posidoniae,-0.160569367,-2.117006308,-1.535658261,1.300450527,-0.635256428,Jurassic,1,Rhynchocephalia,Reptile,Amniotes,Pa.po,121
Pleurosaurus ginsburgi,-0.360891283,-2.186433348,-2.524388957,3.125412406,-0.92516794,Jurassic,1,Rhynchocephalia,Reptile,Amniotes,Ple.gi,122
Pleurosaurus goldfussi,-0.202702368,-2.691362134,-1.851213527,1.28480056,-0.675805895,Jurassic,1,Rhynchocephalia,Reptile,Amniotes,Ple.go,123
Sapheosaurus thiollierei,-1.575172295,-1.054074256,-1.021727458,0.388816835,0.68417933,Jurassic,1,Rhynchocephalia,Reptile,Amniotes,Sa.th,124
Vadasaurus herzogi,-1.945217455,0.118022847,-1.284801409,0.577588768,1.508693084,Jurassic,1,Rhynchocephalia,Reptile,Amniotes,Va.he,125
Alligator mississipiens,-1.268688837,-0.700384978,-0.522334522,0.300709675,0.898719056,Extant,2,Undulation,Reptile,Amniotes,All.mi,126
Amblyrhynchus cristatus,-1.638710484,-0.401381436,0.773700123,-1.580737367,1.854132986,Extant,2,Undulation,Reptile,Amniotes,Am.cr,127
Andrias japonicus,0.579121652,-2.681861681,-0.177822106,-0.12634112,-1.952620365,Extant,2,Undulation,Amphibian,Amphibian,An.ja,128
Aptenodytes patagonicus,-3.85785446,2.939598886,1.799901167,-1.483295932,1.924825497,Extant,2,Forelimb oscillation,Aves,Amniotes,Ap.pa,129
Arctocephalus pusillus,-1.566933878,0.377521126,5.159198767,0.654166695,0.38132005,Extant,2,Forelimb oscillation,Mammal,Amniotes,Ar.pu,130
Arvicola terrestris,-2.153095568,-1.740609415,1.272807403,0.950154844,0.351748194,Extant,2,Paddling,Mammal,Amniotes,Ar.te,131
Bufo bufo,-3.506588159,1.349506773,0.883446506,1.213057154,0.34087226,Extant,2,Rowing,Amphibian,Amphibian,Bu.bu,132
Caiman latirostris,-1.776672308,-1.072667274,-0.790515334,-0.494857517,1.720480248,Extant,2,Undulation,Reptile,Amniotes,Ca.la,133
Castor canadiensis,-2.107334203,-1.692471204,1.492760538,1.592759357,0.88508993,Extant,2,Paddling,Mammal,Amniotes,Cas.ca,134
Castor fiber,-2.080693641,-1.624953473,1.375054883,1.147312265,0.315909225,Extant,2,Paddling,Mammal,Amniotes,Cas.fi,135
Chelodina longicollis,-1.729809611,-0.905414325,0.586061805,-1.496978419,-1.64937205,Extant,2,Rowing,Reptile,Amniotes,Che.lo,136
Chelonia mydas,-0.536582463,2.337546367,2.485238145,-1.555626231,-0.596258946,Extant,2,Forelimb oscillation,Reptile,Amniotes,Che.my,137
Chelus fimbriata,-2.108474479,0.18751045,0.112498283,-1.120509834,-1.185549825,Extant,2,Rowing,Reptile,Amniotes,Che.fi,138
Chelydra serpentina,-1.224087335,-0.529296095,0.607554392,-1.182568723,-0.530925338,Extant,2,Rowing,Reptile,Amniotes,Che.se,139
Chitra chitra,-0.804496751,-0.915072784,-0.095704347,-1.372779252,0.096818529,Extant,2,Rowing,Reptile,Amniotes,Chi.ch,140
Cornufer guppyi,-4.592392884,1.345129165,0.729883532,0.553627653,1.332868091,Extant,2,Rowing,Amphibian,Amphibian,Cor.gu,141
Crocodylus intermedius,-1.461029788,-1.037186962,-1.303352638,-1.050114498,2.200693779,Extant,2,Undulation,Reptile,Amniotes,Cro.in,142
Crocodylus porosus,-0.904283897,-0.912704774,-1.310269652,0.264577155,1.234000193,Extant,2,Undulation,Reptile,Amniotes,Cro.po,143
Cryptobranchus alleganiensis,-0.981308031,-1.4744572,-0.85445853,-1.98397561,-1.771232345,Extant,2,Undulation,Amphibian,Amphibian,Cry.al,144
Dermochelys coriacea,0.250019965,1.66807026,2.286373074,-2.500735111,-0.041351877,Extant,2,Forelimb oscillation,Reptile,Amniotes,Der.co,145
Desmana moschata,-2.404773087,-1.652539222,2.244655148,0.922228907,2.31691449,Extant,2,Paddling,Mammal,Amniotes,Des.mo,146
Enhydra lutris,-1.383219416,-1.718607755,1.16847172,1.103784652,-1.146468538,Extant,2,Undulation,Mammal,Amniotes,En.lu,147
Eremtochelys imbricata,-1.173771398,1.778415509,2.606026417,-2.624602204,-0.56623542,Extant,2,Forelimb oscillation,Reptile,Amniotes,Ere.im,148
Eudyptes chrysocome,-3.452241472,1.414543321,1.599369342,-0.334967508,1.739329939,Extant,2,Forelimb oscillation,Aves,Amniotes,Eu.ch,149
Halichoerus grypus,-1.053823504,-1.268029991,3.559391662,2.142274475,0.481130563,Extant,2,Undulation,Mammal,Amniotes,Ha.gry,150
Hexaprotodon liberiensis,-1.173383277,-0.216696166,0.402995521,0.318377699,-0.896087174,Extant,2,Paddling,Mammal,Amniotes,Hex.li,151
Hippopotamus amphibus,-0.48291165,-0.94176517,0.689616799,1.281528871,-1.031552817,Extant,2,Paddling,Mammal,Amniotes,Hi.am,152
Hydrochoerus hydrochaeris,-1.550783561,-0.386107281,0.144852119,0.802757702,-0.865216345,Extant,2,Paddling,Mammal,Amniotes,Hy.hy,153
Hydromys sp,-3.118782494,-1.296933731,0.39347045,1.33713355,1.287449318,Extant,2,Paddling,Mammal,Amniotes,Hy.sp,154
Kinosternon acutum,-1.107642105,-1.165460018,0.616590588,-0.226702079,-1.902755018,Extant,2,Rowing,Reptile,Amniotes,Ki.ac,155
Kinosternon subrubrum,-0.988022757,-1.336578965,0.805973122,-1.320719719,-1.706479556,Extant,2,Rowing,Reptile,Amniotes,Ki.su,156
Lissemys punctata,-1.314277385,0.152417901,0.019300131,-0.999781817,-1.556541117,Extant,2,Rowing,Reptile,Amniotes,Li.pu,157
Lutra lutra,-1.079330105,-1.521595663,1.277253558,0.128251856,-0.688523374,Extant,2,Undulation,Mammal,Amniotes,Lu.lu,158
Mesoclemmys nasuta,-2.509162969,0.610213549,0.45768876,-1.444188837,-0.077992234,Extant,2,Rowing,Reptile,Amniotes,Me.na,159
Miorunga leonina,0.375316856,-1.564975832,4.589187325,2.063946641,-0.358715609,Extant,2,Undulation,Mammal,Amniotes,Mi.le,160
Myocastor coypus,-3.13872704,-1.088438062,0.842506647,0.599853465,1.296114235,Extant,2,Paddling,Mammal,Amniotes,Myo.co,161
Neovison vison,-1.472605368,-0.289179007,0.375110355,1.753620032,-1.058327194,Extant,2,Paddling,Mammal,Amniotes,Neo.vi,162
Odobenus rosmarus,0.069434627,-0.563723177,3.152557894,1.474043794,-0.906396223,Extant,2,Undulation,Mammal,Amniotes,Od.ro,163
Ondatra zybethicus,-2.672804245,-1.585602106,1.835988469,1.460632239,0.944947166,Extant,2,Paddling,Mammal,Amniotes,On.zy,164
Ornithorhynchus anatinus,-1.029369754,-0.976252649,2.408823,0.431347009,1.725215994,Extant,2,Rowing,Mammal,Amniotes,Or.an,165
Otaria byronia,-0.428296029,-0.147139826,4.182222228,1.057077276,-0.049248009,Extant,2,Forelimb oscillation,Mammal,Amniotes,Ot.by,166
Phoca vitulina,-0.923666047,-0.50459316,3.0124549,2.749828599,0.100422603,Extant,2,Undulation,Mammal,Amniotes,Ph.vi,167
Potamogale velox,-1.786035257,-0.205651448,-0.141068639,1.07602495,0.060508134,Extant,2,Paddling,Mammal,Amniotes,Po.ve,168
Pteronura brasiliensis,-0.916273393,-1.162510499,0.997244161,1.296734261,-0.674190301,Extant,2,Undulation,Mammal,Amniotes,Pte.br,169
Spheniscus demersus,-2.579330147,1.035768075,1.38930439,-0.843457346,1.123608481,Extant,2,Forelimb oscillation,Aves,Amniotes,Sph.de,170
Staurotypus triporcatus,-1.336377669,-0.282522193,0.553117452,-0.869513073,-0.719902361,Extant,2,Rowing,Reptile,Amniotes,St.tr,171
Tapirus indicus,-1.420797598,0.080859218,0.812847601,1.38685055,-0.194276607,Extant,2,Paddling,Mammal,Amniotes,Ta.in,172
Tomistoma schlegelii,-1.211168003,-1.678516337,-1.232968037,-1.151315779,1.727864245,Extant,2,Undulation,Reptile,Amniotes,To.sc,173
Tryonyx triunguis,-1.925590614,1.007032608,2.668478585,-1.724362352,2.180495065,Extant,2,Rowing,Reptile,Amniotes,Try.tr,174
Varanus niloticus,-0.876907387,-2.080613804,0.3363373,-0.31935731,0.052955641,Extant,2,Undulation,Reptile,Amniotes,Va.ni,175